amplification_likes,amplification_comments,sensitivity_mode,euclidean_distance,nearest_neighbor_rank,distance_delta_from_baseline,rank_delta_from_baseline,interaction_weight,final_weight,weighted_interactions,sensitivity_multiplier,effective_pull,final_weight_delta_from_baseline,effective_pull_delta_from_baseline,movement_explanation
0,0,strong-bounded,0.08199307545666044,5,0.0,0,0.4253597643375133,0.4253597643375133,11.899999999999999,1.3966666666666665,0.034028781147001065,0.0,0.0,distance=stable; rank=unchanged; final_weight_delta=0.000000; pull_delta=0.000000
100,80,strong-bounded,0.022975687231560682,1,-0.05901738822509976,-4,0.99,0.99,81.9,3.73,0.0792,0.5646402356624867,0.04517121885299894,distance=closer; rank=improved; final_weight_delta=0.564640; pull_delta=0.045171
250,200,strong-bounded,0.022975687231560682,1,-0.05901738822509976,-4,0.99,0.99,186.89999999999998,7.2299999999999995,0.0792,0.5646402356624867,0.04517121885299894,distance=closer; rank=improved; final_weight_delta=0.564640; pull_delta=0.045171
500,400,strong-bounded,0.022975687231560682,1,-0.05901738822509976,-4,0.99,0.99,361.9,13.063333333333333,0.0792,0.5646402356624867,0.04517121885299894,distance=closer; rank=improved; final_weight_delta=0.564640; pull_delta=0.045171
1250,1000,strong-bounded,0.022975687231560682,1,-0.05901738822509976,-4,0.99,0.99,886.9,30.563333333333333,0.0792,0.5646402356624867,0.04517121885299894,distance=closer; rank=improved; final_weight_delta=0.564640; pull_delta=0.045171
2500,2000,strong-bounded,0.022975687231560682,1,-0.05901738822509976,-4,0.99,0.99,1761.9,59.730000000000004,0.0792,0.5646402356624867,0.04517121885299894,distance=closer; rank=improved; final_weight_delta=0.564640; pull_delta=0.045171
5000,4000,strong-bounded,0.022975687231560682,1,-0.05901738822509976,-4,0.99,0.99,3511.8999999999996,118.06333333333332,0.0792,0.5646402356624867,0.04517121885299894,distance=closer; rank=improved; final_weight_delta=0.564640; pull_delta=0.045171
